region,orientation,landscape,signature_vegetation,representative_place,annual_rainfall,elevation_or_terrain,water_context,management_pressures,framework_source
Piney Woods,Far East Texas,"humid forest, bottomlands and bayous","pine and hardwood forest","Big Thicket National Preserve","36–50 in/yr","200–500 ft; rolling acidic sands and sandy loams","Sabine and Neches systems; bayous; sloughs; forested floodplains","forest fragmentation; development; altered fire and bottomland hydrology","TPWD 10-region natural-region framework"
Gulf Prairies and Marshes,Texas Gulf Coast,"coastal prairie, marsh, estuary, bays and barrier islands","coastal tallgrass prairie, marsh and live-oak mottes","Galveston Island State Park","30–50 in/yr","mostly below 150 ft; nearly level coastal plain","bays; estuaries; marshes; tidal systems; low-gradient coastal rivers","wetland and prairie loss; urbanization; subsidence; storm surge; altered freshwater inflows","TPWD 10-region natural-region framework"
Post Oak Savannah,East-central Texas,"oak savannah and woodland-prairie transition","post oak, blackjack oak and grasses","Cooper Lake State Park","28–40 in/yr","300–800 ft; gently rolling to hilly sandy uplands","tributaries draining toward the Trinity, Brazos and lower Colorado systems","prairie conversion; woody thickening; fragmentation; metro-edge growth","TPWD 10-region natural-region framework"
Blackland Prairie,North-central to Central Texas,"dark clay soils and former tallgrass prairie","big bluestem, little bluestem, Indiangrass and switchgrass","Cedar Hill State Park","28–40 in/yr","300–800 ft; nearly level to rolling dark alkaline clays","upper Trinity and Brazos tributaries; reservoirs","historic prairie conversion; urban expansion; severe remnant fragmentation","TPWD 10-region natural-region framework"
Cross Timbers,North-central Texas,"oak woodland belts, savannah and grassland","post oak, blackjack oak and tall- to mixed-grass prairie","Lake Mineral Wells State Park","moderate but erratic","irregular sandy-to-loamy plains and uplands","Brazos and Trinity tributaries; reservoirs; rocky creek systems","metro fragmentation; woody encroachment; loss of connected woodland-prairie mosaics","TPWD 10-region natural-region framework"
South Texas Plains,South Texas and lower Rio Grande corridor,"thornscrub, grassland and ranch country","mesquite, huisache, acacias, prickly pear and subtropical woodland","Bentsen-Rio Grande Valley State Park","20–32 in/yr","low plains and inland uplands; clay, clay-loam and caliche soils","Rio Grande; Nueces systems; resacas; irrigation-dependent lower-valley habitats","habitat fragmentation; water stress; brush alteration; urban growth","TPWD 10-region natural-region framework"
Edwards Plateau,Central Texas and the Hill Country,"limestone plateau, karst, springs and dissected canyon country","live oak, Ashe juniper, grassland and riparian cypress","Pedernales Falls State Park","15–34 in/yr","slightly under 100 to over 3,000 ft; limestone plateau and karst","Edwards and related aquifers; major springs; spring-fed rivers","aquifer demand; rapid development; habitat fragmentation; altered fire and woody cover","TPWD 10-region natural-region framework"
Rolling Plains,Northwest Texas east of the Caprock,"rolling grassland, shrubland, river breaks and red soils","mixed- and shortgrass prairie with mesquite savannah","Caprock Canyons State Park","20–28 in/yr","800–3,000 ft; rolling plains, cliffs and canyons below the Caprock","headwaters and tributaries of the Red, Brazos and Colorado systems","drought; erosion; woody encroachment; long-term grassland condition","TPWD 10-region natural-region framework"
High Plains,Panhandle and South Plains,"elevated Llano Estacado tableland and playa lakes","shortgrass prairie with buffalo grass and blue grama","Palo Duro Canyon State Park","15–22 in/yr","3,000–4,500 ft; broad elevated tableland","Ogallala Aquifer; playa-lake depressions","groundwater depletion; native-prairie conversion; playa alteration","TPWD 10-region natural-region framework"
Trans-Pecos,Far West Texas,"Chihuahuan Desert basins and mountain ranges","creosote, lechuguilla, yucca, desert grasses and mountain woodland","Big Bend National Park","mostly under 12 in/yr","2,500 to over 8,749 ft; desert basins, mesas and mountain ranges","Rio Grande; Pecos River; desert springs; isolated mountain watersheds","water scarcity; invasive species; extreme heat; desert and riparian fragmentation","TPWD 10-region natural-region framework"
